{"Fid":"fOjhORplSNuNvcsFh6Ofqi","Status":3,"AuthToken":"eyJhbGciOiJFUzI1NiIsInR5cCI6IkpXVCJ9.eyJhcHBJZCI6IjE6MzU0ODAwNjQ1MzI5OmFuZHJvaWQ6NGM2NjY0NGY4NDc1MTUwYiIsImV4cCI6MTc2MDEwNDYxNSwiZmlkIjoiZk9qaE9ScGxTTnVOdmNzRmg2T2ZxaSIsInByb2plY3ROdW1iZXIiOjM1NDgwMDY0NTMyOX0.AB2LPV8wRgIhAImWceKyrd252Vk3tUXsMiz4kAnUpdsLALoc92bc6tE_AiEA4rt2gsZXKHbPPslsWgEFNgT-qyi9YKXV4R2NShU0Scs","RefreshToken":"3_AS3qfwJ2XD3Vc9lFkLWg5LmKJG8DJ7a608skaO9qOGlwn6VlDz8MJQ76YrM-psZAAvepy7zBJxSsXdNI5pofJMyJDIP4BbhFKqC_DQNN04mT0-E","TokenCreationEpochInSecs":1759499815,"ExpiresInSecs":604800}