<?xml version='1.0' encoding='utf-8' standalone='yes' ?>
<map>
    <string name="feature_usage_package_name">com.amazon.prime.ultramodz</string>
    <string name="client_sender_id">af056d01-a30b-4c00-8019-10ff9692e1bd</string>
    <long name="feature_usage_last_report_time" value="1759500088718" />
    <long name="feature_usage_timestamp_detected_feature_15" value="1759500113659" />
    <string name="feature_usage_sdk_version">21.1.0</string>
    <long name="feature_usage_timestamp_reported_feature_5" value="1759501856843" />
</map>
