<?xml version='1.0' encoding='utf-8' standalone='yes' ?>
<map>
    <long name="DownloadDisplayMessageMillis" value="1759500083466" />
    <boolean name="firstAppStartWithUser" value="false" />
    <boolean name="shouldDownloadToSDCard" value="false" />
    <long name="LastLicenseMarkSyncMillis" value="1759514483466" />
    <boolean name="firstAppStartWithoutUser" value="false" />
    <long name="SyncPlayerSdkDownloadMillis" value="1759514484286" />
    <long name="RetryDisabledDownloadSyncMillis" value="1759500083466" />
    <long name="SyncPlayerSdkErrorStateMillis" value="1759500083466" />
    <boolean name="shouldSubscribeToAllTopics" value="false" />
    <long name="LastLicenseSyncMillis" value="1759500083466" />
    <boolean name="bg_startup_tracing" value="false" />
    <long name="RefreshMetadataSyncTTLMillis" value="1760104884286" />
    <long name="QueueDownloadSyncMills" value="1759500083466" />
    <long name="com.amazon.communication.remotesetting.pref.LAST_SUCCESSFUL_SYNC" value="1759500085147" />
    <string name="PN_customer_vcr">PL</string>
    <long name="DeleteDownloadSyncMillis" value="1759500083466" />
    <string name="PN_subscription_prefs">[{&quot;topic&quot;:&quot;AIV_video_in_library&quot;,&quot;isSubscribed&quot;:false},{&quot;topic&quot;:&quot;AIV_video_recommendations&quot;,&quot;isSubscribed&quot;:false},{&quot;topic&quot;:&quot;AIV_new_feature&quot;,&quot;isSubscribed&quot;:false},{&quot;topic&quot;:&quot;AIV_offer&quot;,&quot;isSubscribed&quot;:false}]</string>
    <boolean name="auto_play_enabled" value="true" />
    <long name="LastLicenseRepairMillis" value="1759500083466" />
    <long name="DisabledDownloadSyncMillis" value="1759500083466" />
    <long name="com.amazon.communication.remotesetting.pref.LAST_SYNC_ATTEMPT" value="1759500085147" />
    <string name="PN_customer_id">amzn1.account.AHCYH2JE434SU6YDRZHWG65C76JA</string>
    <long name="LastImagesDownloadSyncMillis" value="1759514484286" />
</map>
